label,workingSetMb,privateBytesMb,managedHeapMb,gcCommittedMb,gen0,gen1,gen2,threads,handles,cpuSeconds,liveComRefs,sessions
cycle 1 drained,82,37,0,1,4,4,4,15,390,5,33,0,0
cycle 2 drained,85,40,0,0,6,6,6,15,390,9,47,0,0
cycle 3 drained,89,45,0,0,8,8,8,15,391,13,45,0,0
cycle 4 drained,96,50,0,0,10,10,10,15,391,17,17,0,0
cycle 5 drained,98,57,0,0,12,12,12,15,391,20,89,0,0
cycle 6 drained,98,53,0,0,14,14,14,15,391,24,69,0,0
cycle 7 drained,103,59,0,0,16,16,16,15,391,28,86,0,0
cycle 8 drained,107,67,0,0,18,18,18,15,391,32,58,0,0
cycle 9 drained,110,67,0,0,20,20,20,18,405,36,33,0,0
cycle 10 drained,385,354,0,0,22,22,22,18,405,40,08,0,0
cycle 11 drained,393,357,0,0,24,24,24,18,406,43,80,0,0
cycle 12 drained,411,375,0,0,26,26,26,18,406,47,48,0,0
cycle 13 drained,117,72,0,0,28,28,28,18,406,51,30,0,0
cycle 14 drained,422,392,0,0,30,30,30,18,406,54,97,0,0
cycle 15 drained,431,397,0,0,32,32,32,18,406,58,59,0,0
cycle 16 drained,440,404,0,0,34,34,34,16,400,62,59,0,0
cycle 17 drained,443,407,0,1,36,36,36,16,400,66,95,0,0
cycle 18 drained,445,409,0,1,38,38,38,16,400,70,95,0,0
cycle 19 drained,444,408,0,1,40,40,40,18,406,74,52,0,0
cycle 20 drained,453,417,0,1,42,42,42,18,406,78,34,0,0
cycle 21 drained,478,442,0,1,44,44,44,17,401,82,89,0,0
cycle 22 drained,136,92,0,1,46,46,46,17,401,86,88,0,0
cycle 23 drained,470,442,0,1,48,48,48,18,404,91,45,0,0
cycle 24 drained,476,442,0,1,50,50,50,16,398,95,30,0,0
cycle 25 drained,479,445,0,1,52,52,52,16,398,99,08,0,0
cycle 26 drained,493,459,0,1,54,54,54,16,398,102,97,0,0
cycle 27 drained,494,459,0,1,56,56,56,18,406,106,78,0,0
cycle 28 drained,498,463,0,1,58,58,58,17,404,110,31,0,0
cycle 29 drained,501,466,0,1,60,60,60,17,404,114,17,0,0
cycle 30 drained,503,468,0,1,62,62,62,17,404,117,97,0,0
cycle 31 drained,501,465,0,1,64,64,64,17,404,121,66,0,0
cycle 32 drained,503,467,0,1,66,66,66,16,404,125,36,0,0
cycle 33 drained,149,107,0,1,68,68,68,15,398,129,39,0,0
cycle 34 drained,498,472,0,1,70,70,70,14,395,133,22,0,0
cycle 35 drained,506,473,0,1,72,72,72,15,398,136,77,0,0
cycle 36 drained,510,476,0,1,74,74,74,17,404,140,52,0,0
cycle 37 drained,511,477,0,1,76,76,76,16,401,144,08,0,0
cycle 38 drained,510,475,0,1,78,78,78,17,404,147,83,0,0
cycle 39 drained,511,476,0,1,80,80,80,17,404,151,53,0,0
cycle 40 drained,513,477,0,1,82,82,82,16,401,155,31,0,0
cycle 41 drained,512,477,0,1,84,84,84,17,404,159,03,0,0
cycle 42 drained,511,476,0,1,86,86,86,14,395,162,98,0,0
cycle 43 drained,515,480,0,1,88,88,88,14,395,167,62,0,0
cycle 44 drained,516,481,0,1,90,90,90,17,404,174,14,0,0
cycle 45 drained,519,484,0,1,92,92,92,17,404,178,75,0,0
cycle 46 drained,163,137,0,1,94,94,94,17,404,183,00,0,0
cycle 47 drained,503,478,0,1,96,96,96,16,401,187,47,0,0
cycle 48 drained,508,477,0,1,98,98,98,16,401,191,33,0,0
cycle 49 drained,510,478,0,1,100,100,100,16,401,195,05,0,0
cycle 50 drained,516,483,0,1,102,102,102,14,396,198,78,0,0
cycle 51 drained,516,483,0,1,104,104,104,14,396,202,59,0,0
cycle 52 drained,518,485,0,1,106,106,106,14,396,206,41,0,0
cycle 53 drained,517,483,0,1,108,108,108,17,402,210,34,0,0
cycle 54 drained,519,485,0,1,110,110,110,17,402,214,05,0,0
cycle 55 drained,517,483,0,1,112,112,112,16,399,217,83,0,0
cycle 56 drained,520,486,0,1,114,114,114,17,402,221,61,0,0
cycle 57 drained,521,487,0,1,116,116,116,17,402,225,95,0,0
cycle 58 drained,171,128,0,1,118,118,118,17,402,229,95,0,0
cycle 59 drained,510,488,0,1,120,120,120,15,396,233,94,0,0
cycle 60 drained,521,492,0,1,122,122,122,15,396,237,86,0,0
cycle 61 drained,526,496,0,1,124,124,124,15,396,241,45,0,0
cycle 62 drained,527,495,0,1,126,126,126,17,404,245,33,0,0
cycle 63 drained,524,492,0,1,128,128,128,16,401,249,58,0,0
cycle 64 drained,526,493,0,1,130,130,130,16,401,253,27,0,0
cycle 65 drained,527,494,0,1,132,132,132,16,401,257,12,0,0
cycle 66 drained,529,496,0,1,134,134,134,16,401,261,06,0,0
cycle 67 drained,531,498,0,1,136,136,136,16,401,264,89,0,0
cycle 68 drained,531,498,0,1,138,138,138,14,395,268,80,0,0
cycle 69 drained,533,500,0,1,140,140,140,14,395,272,78,0,0
cycle 70 drained,535,502,0,1,142,142,142,14,395,276,92,0,0
cycle 71 drained,187,170,0,1,144,144,144,17,404,280,55,0,0
cycle 72 drained,519,498,0,1,146,146,146,16,401,284,28,0,0
cycle 73 drained,528,500,0,1,148,148,148,16,401,287,91,0,0
cycle 74 drained,534,505,0,1,150,150,150,16,401,291,47,0,0
cycle 75 drained,538,507,0,1,152,152,152,16,401,295,16,0,0
cycle 76 drained,536,504,0,1,154,154,154,17,404,298,89,0,0
cycle 77 drained,536,504,0,1,156,156,156,14,395,302,53,0,0
cycle 78 drained,537,504,0,1,158,158,158,14,395,306,16,0,0
cycle 79 drained,538,505,0,1,160,160,160,14,395,309,80,0,0
cycle 80 drained,540,507,0,1,162,162,162,18,404,313,34,0,0
cycle 81 drained,542,509,0,1,164,164,164,18,404,316,95,0,0
cycle 82 drained,540,507,0,1,166,166,166,17,401,320,59,0,0
cycle 83 drained,542,508,0,1,168,168,168,17,401,324,17,0,0
cycle 84 drained,543,510,0,1,170,170,170,18,404,327,78,0,0
cycle 85 drained,541,508,0,1,172,172,172,18,404,331,31,0,0
cycle 86 drained,541,508,0,1,174,174,174,17,401,334,64,0,0
cycle 87 drained,544,510,0,1,176,176,176,15,395,338,17,0,0
cycle 88 drained,539,505,0,1,178,178,178,15,395,341,58,0,0
cycle 89 drained,542,508,0,1,180,180,180,15,395,345,03,0,0
cycle 90 drained,542,508,0,1,182,182,182,18,404,348,52,0,0
